company,raisedAmt,raisedCurrency,round
LifeLock,6850000,USD,b
LifeLock,6000000,USD,a
LifeLock,25000000,USD,c
MyCityFaces,50000,USD,seed
Flypaper,3000000,USD,a
Infusionsoft,9000000,USD,a
gAuto,250000,USD,seed
ChosenList.com,140000,USD,seed
ChosenList.com,233750,USD,angel
Digg,8500000,USD,b
Digg,2800000,USD,a
Facebook,500000,USD,angel
Facebook,12700000,USD,a
Facebook,27500000,USD,b
Facebook,300000000,USD,c
Facebook,40000000,USD,c
Facebook,15000000,USD,c
Facebook,100000000,USD,debt_round
Photobucket,10500000,USD,b
Photobucket,3000000,USD,a
Omnidrive,800000,USD,angel
Geni,1500000,USD,a
Geni,10000000,USD,b
Twitter,5400000,USD,b
Twitter,15000000,USD,c
StumbleUpon,1500000,USD,seed
Gizmoz,6300000,USD,a
Gizmoz,6500000,USD,b
Scribd,12000,USD,seed
Scribd,40000,USD,angel
Scribd,3710000,USD,a
Slacker,40000000,USD,b
Slacker,13500000,USD,a
Lala,9000000,USD,a
Plaxo,3800000,USD,a
Plaxo,8500000,USD,b
Plaxo,7000000,USD,c
Plaxo,9000000,USD,d
Powerset,12500000,USD,a
Technorati,10520000,USD,c
Technorati,6500000,USD,b
Technorati,7500000,USD,d
Technorati,1000000,USD,c
Mahalo,5000000,USD,a
Mahalo,16000000,USD,b
Kyte,2250000,USD,a
Kyte,15000000,USD,b
Kyte,6100000,USD,b
Veoh,12500000,USD,b
Veoh,25000000,USD,c
Veoh,2250000,USD,a
Veoh,30000000,USD,d
Jingle Networks,30000000,USD,c
Jingle Networks,5000000,USD,a
Jingle Networks,26000000,USD,b
Jingle Networks,400000,USD,angel
Jingle Networks,13000000,USD,c
Ning,44000000,USD,c
Ning,60000000,USD,d
JotSpot,5200000,USD,a
Mercora,5000000,USD,a
Wesabe,700000,USD,seed
Wesabe,4000000,USD,a
Jangl,7000000,USD,b
Hyphen 8,100000,USD,angel
Prosper,20000000,USD,c
Prosper,7500000,USD,a
Prosper,12500000,USD,b
Google,25000000,USD,a
Jajah,20000000,USD,c
Jajah,3000000,USD,a
Jajah,5000000,USD,b
YouTube,3500000,USD,a
YouTube,8000000,USD,b
Ustream,2000000,USD,angel
Ustream,11100000,USD,a
GizmoProject,6000000,USD,a
Adap.tv,10000000,USD,a
Topix,15000000,USD,b
Revision3,1000000,USD,a
Revision3,8000000,USD,b
Aggregate Knowledge,5000000,USD,a
Aggregate Knowledge,20000000,USD,b
Sugar Inc,5000000,USD,a
Sugar Inc,10000000,USD,b
Zing,13000000,USD,a
CriticalMetrics,100000,USD,angel
Spock,7000000,USD,a
Wize,4000000,USD,a
SodaHead,4250000,USD,a
SodaHead,8400000,USD,b
CastTV,3100000,USD,a
BuzzNet,6000000,USD,a
BuzzNet,25000000,USD,b
Funny Or Die,15000000,USD,b
Sphere,3000000,USD,b
Sphere,500000,USD,a
MeeVee,6500000,USD,b
MeeVee,8000000,USD,c
MeeVee,7000000,USD,a
MeeVee,3500000,USD,d
Mashery,2000000,USD,c
Yelp,10000000,USD,c
Yelp,5000000,USD,b
Yelp,1000000,USD,a
Yelp,15000000,USD,d
Spotplex,450000,USD,angel
Coghead,3200000,USD,a
Coghead,8000000,USD,b
Zooomr,50000,USD,angel
SideStep,15000000,USD,c
SideStep,8000000,USD,b
SideStep,2200000,USD,a
SideStep,6800000,USD,a
RockYou,1500000,USD,a
RockYou,15000000,USD,b
RockYou,35000000,USD,c
RockYou,1000000,USD,unattributed
Pageflakes,1300000,USD,a
Swivel,1000000,USD,a
Swivel,1000000,USD,a
Slide,8000000,USD,b
Slide,50000000,USD,d
Bebo,15000000,USD,a
freebase,15000000,USD,a
freebase,42500000,USD,b
Metaweb Technologies,42000000,USD,b
Glam Media,1100000,USD,a
Glam Media,10000000,USD,b
Glam Media,18500000,USD,c
Glam Media,65000000,USD,d
Glam Media,20000000,USD,d
TheFind,7000000,USD,a
TheFind,4000000,USD,b
TheFind,15000000,USD,c
Zazzle,16000000,USD,a
Zazzle,30000000,USD,b
Dogster,1000000,USD,angel
Pandora,7800000,USD,b
Pandora,12000000,USD,c
Pandora,1500000,USD,a
Cafepress,1200000,USD,a
Cafepress,300000,USD,a
Cafepress,14000000,USD,b
pbwiki,350000,USD,a
pbwiki,2100000,USD,b
AdBrite,4000000,USD,a
AdBrite,8000000,USD,b
AdBrite,23000000,USD,c
Loomia,1000000,USD,seed
Loomia,5000000,USD,a
Meebo,3500000,USD,a
Meebo,9000000,USD,b
Meebo,25000000,USD,c
Eventbrite,100000,USD,angel
LinkedIn,4700000,USD,a
LinkedIn,10000000,USD,b
LinkedIn,12800000,USD,c
LinkedIn,53000000,USD,d
FlickIM,1600000,USD,a
Terabitz,10000000,USD,a
Healthline,14000000,USD,a
Healthline,21000000,USD,b
Box.net,1500000,USD,a
Box.net,6000000,USD,b
Conduit,1800000,USD,a
Conduit,8000000,USD,b
Edgeio,5000000,USD,a
Spot Runner,10000000,USD,a
Spot Runner,40000000,USD,b
Spot Runner,51000000,USD,c
Kaboodle,1500000,USD,a
Kaboodle,2000000,USD,b
Kaboodle,1500000,USD,c
Giga Omni Media,325000,USD,a
Visible Path,17000000,USD,b
Visible Path,7700000,USD,a
Wink,6200000,USD,a
seesmic,6000000,USD,a
seesmic,6000000,USD,b
Zvents,7000000,USD,a
Zvents,200000,USD,seed
Eventful,7500000,USD,b
Eventful,2100000,USD,a
Oodle,5000000,USD,a
Oodle,11000000,USD,b
oDesk,6000000,USD,a
oDesk,8000000,USD,b
oDesk,15000000,USD,c
SimplyHired,13500000,USD,b
SimplyHired,3000000,USD,a
ooma,8000000,USD,a
ooma,18000000,USD,b
GoingOn,1000000,USD,seed
Flixster,2000000,USD,a
Flixster,5000000,USD,b
Piczo,11000000,USD,c
Socialtext,300000,USD,angel
Socialtext,3100000,USD,b
Socialtext,9500000,USD,c
PowerReview,6250000,USD,a
PowerReview,15000000,USD,b
hi5,20000000,USD,a
hi5,15000000,USD,debt_round
Tagged,1500000,USD,angel
Tagged,7000000,USD,a
Tagged,15000000,USD,b
Jaxtr,1500000,USD,angel
Jaxtr,10000000,USD,a
Jaxtr,10000000,USD,b
Me,1500000,USD,seed
introNetworks,2700000,USD,a
Leverage Software,6000000,USD,a
Lithium Technologies,9000000,USD,a
Lithium Technologies,12000000,USD,b
Genius,5100000,USD,a
Genius,10000000,USD,b
Genius,19000000,USD,c
Respectance,250000,USD,seed
Respectance,1500000,USD,a
Curse,5000000,USD,a
LicketyShip,1500000,USD,angel
Grockit,2300000,USD,a
Grockit,8000000,USD,b
PeerMe,5000000,USD,a
Kiptronic,4000000,USD,a
Kiptronic,300000,USD,angel
Kiptronic,3000000,USD,b
Vuze,12000000,USD,b
Vuze,20000000,USD,c
Phonezoo,560000,USD,a
Phonezoo,1500000,USD,a
Droplet Technology,3500000,USD,a
PodTech,5500000,USD,a
PodTech,2000000,USD,a
Crackle,1750000,USD,a
Reddit,100000,USD,seed
Wikia,4000000,USD,a
Wikia,10000000,USD,b
Retrevo,3200000,USD,a
Retrevo,700000,USD,seed
Retrevo,8000000,USD,b
Buxfer,15000,USD,seed
Buxfer,300000,USD,angel
YouSendIt,10000000,USD,b
YouSendIt,10000000,USD,a
YouSendIt,14000000,USD,c
Tangler,1500000,USD,angel
obopay,10000000,USD,a
obopay,7000000,USD,b
obopay,29000000,USD,c
obopay,20000000,USD,d
PayPal,100000000,USD,c
PayPal,90000000,USD,d
PayPal,4000000,USD,b
TalkPlus,5500000,USD,a
Vudu,21000000,USD,a
Insider Pages,8500000,USD,a
Snapfish,7500000,USD,a
Snapfish,36000000,USD,b
Affinity Circles,4100000,USD,c
Affinity Circles,1000000,USD,b
Affinity Circles,440000,USD,a
IMVU,1000000,USD,angel
Nirvanix,18000000,USD,a
Habit Industries,15000,USD,seed
Gaia,8930000,USD,a
Gaia,12000000,USD,b
Gaia,11000000,USD,c
GreatCall,36600000,USD,a
Revver,4000000,USD,a
Revver,8700000,USD,b
Metacafe,15000000,USD,b
Metacafe,30000000,USD,c
Flock,3300000,USD,b
Flock,10000000,USD,c
Flock,15000000,USD,d
VMIX Media,5000000,USD,a
VMIX Media,16500000,USD,b
Kontera,10300000,USD,b
Kontera,7000000,USD,a
Tokbox,4000000,USD,a
Tokbox,10000000,USD,b
Six Apart,10000000,USD,b
Six Apart,12000000,USD,c
Six Apart,600000,USD,a
Weebly,650000,USD,seed
Synthasite,5000000,USD,a
BitTorrent,8750000,USD,a
BitTorrent,25000000,USD,b
Kongregate,1000000,USD,a
Kongregate,5000000,USD,b
Kongregate,3000000,USD,b
DanceJam,1000000,USD,angel
DanceJam,3500000,USD,a
Fathom Online,6000000,USD,a
Zivity,1000000,USD,seed
Zivity,7000000,USD,b
BlueLithium,11500000,USD,a
eXpresso,2000000,USD,a
Doostang,3500000,USD,a
Docstoc,750000,USD,a
Docstoc,3250000,USD,b
Mevio,8900000,USD,a
Mevio,15000000,USD,b
Mevio,15000000,USD,c
PureVideo Networks,5600000,USD,a
PureVideo Networks,2850000,USD,b
FilmLoop,5600000,USD,a
BitPass,1500000,USD,a
BitPass,11800000,USD,b
Art.com,30000000,USD,a
Atom Shockwave,22900000,USD,a
CinemaNow,11000000,USD,a
Digital Chocolate,8400000,USD,a
Digital Chocolate,13000000,USD,b
eHarmony,3000000,USD,a
eHarmony,110000000,USD,b
Friendster,2400000,USD,a
Friendster,13000000,USD,b
Friendster,10000000,USD,c
Friendster,20000000,USD,d
Greystripe,8900000,USD,b
Sling Media,10500000,USD,a
Sling Media,4000000,USD,a
Trulia,5700000,USD,b
Trulia,10000000,USD,c
Trulia,2100000,USD,a
Trulia,15000000,USD,d
Lending Club,2000000,USD,angel
Lending Club,10260000,USD,a
tubemogul,1500000,USD,a
Gemini,20000000,USD,a
Gemini,5000000,USD,b
Multiverse,4175000,USD,a
Multiverse,850000,USD,angel
LimeLife,10000000,USD,b
LimeLife,5000000,USD,a
LimeLife,3900000,USD,b
OpenTable,2000000,USD,a
OpenTable,10000000,USD,b
OpenTable,36000000,USD,c
RooftopComedy,2500000,USD,a
Federated Media,4500000,USD,b
Federated Media,50000000,USD,c
Delivery Agent,18500000,USD,c
Delivery Agent,11000000,USD,b
Delivery Agent,5500000,USD,a
Reunion,25000000,USD,a
Mixercast,2600000,USD,a
Mixercast,6000000,USD,b
mTraks,550000,USD,angel
Xora,7000000,USD,a
Xora,4000000,USD,b
Xora,4000000,USD,debt_round
Ooyala,8500000,USD,b
SayNow,7500000,USD,a
Crunchyroll,4050000,USD,a
CircleUp,3000000,USD,a
PixSense,5400000,USD,a
PixSense,2000000,USD,b
Danal,9500000,USD,a
hulu,100000000,USD,a
OurStory,6300000,USD,a
Specificmedia,10000000,USD,a
Specificmedia,100000000,USD,b
AdMob,15000000,USD,b
MySQL,18500000,USD,c
MySQL,19500000,USD,b
Attributor,2000000,USD,a
Attributor,12000000,USD,c
Attributor,8000000,USD,b
Social Media,500000,USD,a
Social Media,3500000,USD,b
Demand Media,120000000,USD,a
Demand Media,100000000,USD,b
Demand Media,100000000,USD,c
Demand Media,35000000,USD,d
TripIt,1000000,USD,seed
PubMatic,7000000,USD,a
Mint,4700000,USD,a
Mint,325000,USD,seed
Mint,12000000,USD,b
app2you,255000,USD,angel
app2you,177000,USD,angel
YourStreet,250000,USD,angel
Tagworld,7500000,USD,a
Tagworld,40000000,USD,b
RotoHog,6000000,USD,a
ThisNext,5000000,USD,b
ThisNext,2500000,USD,a
ChessPark,1000000,USD,angel
Break,21400000,USD,a
MuseStorm,1000000,USD,a
Media Machines,9400000,USD,a
Ciihui,10000000,USD,a
Ciihui,13500000,USD,b
Aliph,5000000,USD,a
mEgo,1100000,USD,angel
mEgo,2000000,USD,angel
Realius,500000,USD,angel
Xobni,12000,USD,seed
Xobni,80000,USD,angel
Xobni,4260000,USD,a
Spoke,11700000,USD,c
Spoke,9200000,USD,b
FixYa,2000000,USD,a
FixYa,6000000,USD,b
Mozilla,2000000,USD,unattributed
BrightQube,200000,USD,angel
BuzzDash,1200000,USD,angel
Urban Mapping,400000,USD,seed
Consorte Media,7000000,USD,b
ffwd,1700000,USD,a
Get Satisfaction,1300000,USD,a
RingCentral,12000000,USD,a
RingCentral,12000000,USD,b
3Jam,4000000,USD,a
PlaySpan,6500000,USD,a
Grouply,935000,USD,angel
Grouply,365000,USD,angel
Grouply,1300000,USD,a
Graspr,2500000,USD,a
Zannel,10000000,USD,b
deca.tv,5000000,USD,a
Zimbra,14500000,USD,c
FriendFeed,5000000,USD,a
Rupture,3000000,USD,angel
JibJab,3000000,USD,b
Rubicon Project,4000000,USD,a
Rubicon Project,2000000,USD,debt_round
Rubicon Project,15000000,USD,b
SnapLayout,650000,USD,a
Confabb,200000,USD,angel
UpTake,4000000,USD,a
23andMe,9000000,USD,a
YuMe,9000000,USD,b
Mochi Media,4000000,USD,a
Mochi Media,10000000,USD,b
Blurb,12000000,USD,b
WeatherBill,12600000,USD,a
Automattic,1100000,USD,a
Automattic,29500000,USD,b
Radar Networks,5000000,USD,a
Radar Networks,13000000,USD,b
Veodia,8300000,USD,a
EchoSign,6000000,USD,a
Rollbase,400000,USD,angel
Predictify,4300000,USD,a
TrialPay,12700000,USD,b
Socializr,1500000,USD,a
Eurekster,1350000,USD,a
Eurekster,5500000,USD,b
Gydget,1000000,USD,a
PicksPal,3000000,USD,c
Gigya,3000000,USD,a
Gigya,9500000,USD,b
Songbird,8000000,USD,seed
Guardian Analytics,4500000,USD,b
Fora.TV,4000000,USD,a
Disqus,500000,USD,a
SezWho,1000000,USD,a
YieldBuild,6000000,USD,b
Akimbo,15500000,USD,c
Akimbo,12000000,USD,b
Akimbo,4200000,USD,seed
Akimbo,8000000,USD,d
Laszlo Systems,14600000,USD,c
Laszlo Systems,6250000,USD,b
BrightRoll,5000000,USD,b
MerchantCircle,10000000,USD,b
Minekey,3000000,USD,a
Booking Angel,100000,USD,angel
Loopt,6000,USD,seed
Loopt,8250000,USD,b
Fix8,3000000,USD,a
Fix8,2000000,USD,b
MyBuys,2800000,USD,a
MyBuys,10000000,USD,b
BlackArrow,12000000,USD,b
BlackArrow,14750000,USD,a
Peerflix,8000000,USD,b
Peerflix,2000000,USD,a
fatdoor,5500000,USD,a
fatdoor,1000000,USD,angel
fatdoor,500000,USD,debt_round
Verimatrix,8000000,USD,b
Verimatrix,5000000,USD,c
Billeo,7000000,USD,b
Billeo,4000000,USD,a
Caring.com,6000000,USD,a
Ask.com,25000000,USD,a
Project Playlist,3000000,USD,a
Blowtorch,50000000,USD,a
GameLayers,500000,USD,seed
MoGreet,1200000,USD,a
MoGreet,2500000,USD,b
YourTrumanShow,1300000,USD,angel
Apprema,800000,USD,debt_round
TrustedID,5000000,USD,a
TrustedID,10000000,USD,b
Seeqpod,7000000,USD,angel
Quantenna,12700000,USD,b
Qwaq,7000000,USD,b
uber,7600000,USD,b
CashView,6500000,USD,b
CrossLoop,3000000,USD,a
Dapper,3000000,USD,a
Anchor Intelligence,2000000,USD,a
Anchor Intelligence,4000000,USD,b
EdgeCast,6000000,USD,b
EdgeCast,4000000,USD,a
Kosmix,10000000,USD,c
GoodReads,750000,USD,angel
Ribbit,10000000,USD,b
Ribbit,3000000,USD,a
Jobvite,7200000,USD,a
Juice Wireless,500000,USD,a
Juice Wireless,1500000,USD,a
Juice Wireless,4000000,USD,a
Juice Wireless,3300000,USD,b
Juice Wireless,6000000,USD,c
Qik,3000000,USD,b
PlayFirst,16500000,USD,c
PlayFirst,5000000,USD,b
Mobissimo,1000000,USD,seed
Chumby,5000000,USD,a
Chumby,12500000,USD,b
UGOBE,8000000,USD,b
Ausra,40000000,USD,a
Causes,2350000,USD,a
Causes,5000000,USD,b
Nanosolar,20000000,USD,b
Nanosolar,75000000,USD,c
Shozu,12000000,USD,b
Shozu,12000000,USD,c
Tesla Motors,40000000,USD,c
Tesla Motors,45000000,USD,d
Tesla Motors,7500000,USD,a
Tesla Motors,13000000,USD,b
Tesla Motors,40000000,USD,e
Bunchball,2000000,USD,a
Bunchball,4000000,USD,b
Pinger,8000000,USD,b
Hooja,1250000,USD,seed
TravelMuse,3000000,USD,a
Cooking.com,7000000,USD,debt_round
Cooking.com,35000000,USD,e
Cooking.com,16000000,USD,b
Cooking.com,30000000,USD,c
Meraki,5000000,USD,a
Meraki,20000000,USD,b
SugarCRM,14500000,USD,d
SugarCRM,18770000,USD,c
SugarCRM,2000000,USD,a
SugarCRM,5750000,USD,b
Pudding Media,8000000,USD,a
4HomeMedia,2850000,USD,a
Pageonce,1500000,USD,a
bluepulse,6000000,USD,a
Mogad,500000,USD,a
DeviceVM,10000000,USD,a
DeviceVM,10000000,USD,b
Outspark,4000000,USD,a
Outspark,11000000,USD,b
Engine Yard,3500000,USD,a
Engine Yard,15000000,USD,b
PLYmedia,2500000,USD,a
PLYmedia,6000000,USD,b
fabrik,4100000,USD,a
fabrik,8000000,USD,b
fabrik,14300000,USD,c
fabrik,24900000,USD,d
Widgetbox,1500000,USD,angel
Widgetbox,8000000,USD,b
Widgetbox,5000000,USD,a
RazorGator,26000000,USD,a
RazorGator,22800000,USD,b
OverSee,60000000,USD,debt_round
OverSee,150000000,USD,a
Zynga,10000000,USD,a
Zynga,29000000,USD,b
Smaato,3500000,USD,a
Credit Karma,750000,USD,angel
Greenplum,27000000,USD,c
Greenplum,15000000,USD,b
Greenplum,15000000,USD,a
Greenplum,4000000,USD,debt_round
Amobee,5000000,USD,a
Amobee,15000000,USD,b
WebMynd,250000,USD,angel
Current Media,15000000,USD,a
Heroku,20000,USD,seed
Heroku,3000000,USD,a
Lookery,900000,USD,seed
Mill River Labs,900000,USD,angel
Grouptivity,2000000,USD,angel
Aductions,100000,USD,seed
VentureBeat,320000,USD,seed
Collarity,7800000,USD,b
RocketOn,5800000,USD,b
What They Like,990000,USD,a
GumGum,225000,USD,seed
GumGum,1000000,USD,a
Snap Technologies,10000000,USD,a
TwoFish,5000000,USD,a
Three Rings,3500000,USD,a
Smalltown,4000000,USD,a
Sparkplay Media,4250000,USD,a
MOG,1800000,USD,angel
MOG,2800000,USD,a
Social Gaming Network,15000000,USD,a
Danger,36000000,USD,b
Danger,35000000,USD,d
Danger,37000000,USD,d
Coverity,22000000,USD,a
GenieTown,2000000,USD,a
Redux,1650000,USD,seed
Redux,6500000,USD,a
Evernote,6000000,USD,angel
Evernote,3000000,USD,angel
Numobiq,4500000,USD,a
GoldSpot Media,3000000,USD,a
Mobixell,6000000,USD,a
Ad Infuse,12000000,USD,b
Ad Infuse,5000000,USD,a
SendMe,6000000,USD,b
SendMe,15000000,USD,c
Tiny Pictures,4000000,USD,a
Tiny Pictures,7200000,USD,b
flurry,3500000,USD,a
Sharpcast,13500000,USD,a
Sharpcast,3000000,USD,b
Teneros,7000000,USD,a
Teneros,17500000,USD,b
Teneros,20000000,USD,c
Teneros,40000000,USD,d
PhotoCrank,250000,USD,seed
Yodlee,35000000,USD,unattributed
SlideRocket,2000000,USD,a
Surf Canyon,250000,USD,seed
Surf Canyon,600000,USD,seed
Central Desktop,7000000,USD,a
OpenDNS,2000000,USD,a
Coveo,2500000,USD,a
Vizu,1000000,USD,a
Vizu,2900000,USD,b
Taltopia,800000,USD,angel
Kapow Technologies,11600000,USD,c
Kapow Technologies,5100000,EUR,b
ProgrammerMeetDesigner.com,500000,USD,seed
LiveOps,22000000,USD,b
LiveOps,28000000,USD,c
Clickpass,20000,USD,seed
SearchMe,400000,USD,a
SearchMe,3600000,USD,b
SearchMe,12000000,USD,c
SearchMe,15000000,USD,d
SearchMe,12600000,USD,e
AccountNow,12750000,USD,c
DailyStrength,4000000,USD,a
PopularMedia,4250000,USD,unattributed
PopularMedia,8000000,USD,c
Clarizen,9000000,USD,b
SellPoint,7000000,USD,a
LiveDeal,4900000,USD,a
NeoEdge Networks,3000000,USD,b
Zuora,6500000,USD,a
Jivox,2700000,USD,seed
Jivox,10700000,USD,a
Elastra,2600000,USD,a
kwiry,1000000,USD,a
SupplyFrame,7000000,USD,b
InMage Systems,10000000,USD,b
Authenticlick,5000000,USD,a
Interneer,2000000,USD,angel
Interneer,1200000,USD,a
Handipoints,250000,USD,seed
Handipoints,550000,USD,angel
Adconion Media Group,80000000,USD,c
Zend Technologies,20000000,USD,d
Zend Technologies,8000000,USD,c
SlideShare,3000000,USD,a
Intent,250000,USD,angel
Wikimedia Foundation,3000000,USD,unattributed
Clearwell Systems,17000000,USD,c
Become,17500000,USD,c
Become,8000000,USD,d
Bubble Motion,14000000,USD,b
Bubble Motion,10000000,USD,a
Perfect Market,15600000,USD,a
Glassdoor,3000000,USD,b
Support Space,4250000,USD,a
Xoopit,1500000,USD,angel
Xoopit,5000000,USD,a
Reality Digital,2000000,USD,a
Reality Digital,6300000,USD,b
Cloud9 Analytics,5000000,USD,a
Netcipia,200000,USD,angel
iControl,15500000,USD,b
iControl,5000000,USD,a
Frengo,2300000,USD,a
Frengo,5700000,USD,b
mBlox,25000000,USD,d
mBlox,7500000,USD,c
mBlox,10000000,USD,b
mBlox,22000000,USD,e
eSolar,10000000,USD,a
eSolar,130000000,USD,b
Marin Software,2000000,USD,a
Marin Software,7250000,USD,b
SiBEAM,1250000,USD,seed
SiBEAM,15000000,USD,a
SiBEAM,21000000,USD,b
SiBEAM,40000000,USD,c
Lumos Labs,400000,USD,angel
Lumos Labs,3000000,USD,a
iRise,20000000,USD,unattributed
richrelevance,4200000,USD,b
Labmeeting,500000,USD,seed
Shopflick,1000000,USD,angel
Shopflick,7000000,USD,a
TurnHere,7500000,USD,a
TurnHere,1100000,USD,seed
Coupa,1500000,USD,a
Coupa,6000000,USD,b
SquareTrade,400000,USD,seed
SquareTrade,9000000,USD,b
V-Enable,6000000,USD,c
V-Enable,3750000,USD,b
Aeria,288000,USD,seed
Heysan,20000,USD,seed
Memeo,8100000,USD,b
imageshack,10000000,USD,a
PluggedIn,2000000,USD,unattributed
CellSpin,1100000,USD,angel
Remixation,1000000,USD,a
The Auteurs,750000,USD,a
Modern Feed,3000000,USD,seed
GROU.PS,1100000,USD,a
Triggit,350000,USD,seed
Triggit,500000,USD,angel
Serious Business,4000000,USD,unattributed
Presdo,35000,USD,seed
Nile Guide,8000000,USD,b
Adify,8000000,USD,a
Adify,19000000,USD,b
Invensense,19000000,USD,c
Center'd,1000000,USD,angel
Center'd,5500000,USD,a
Center'd,500000,USD,debt_round
New Relic,3500000,USD,a
Gridstone Research,10000000,USD,b
FusionOps,4000000,USD,a
MarketLive,20000000,USD,e
SnapLogic,2500000,USD,a
Boardwalktech,500000,USD,angel
Rosum,15000000,USD,b
CitizenHawk,3000000,USD,unattributed
Dilithium Networks,10000000,USD,b
Dilithium Networks,18000000,USD,c
Dilithium Networks,33000000,USD,d
Passenger,8300000,USD,b
Passenger,12200000,USD,c
Experience Project,3000000,USD,a
Mozes,5000000,USD,a
Mozes,11500000,USD,b
rVita,1000000,USD,angel
Mefeedia,250000,USD,angel
Wavemaker Software,4500000,USD,a
VirtualLogix,16000000,USD,b
Fonemesh,100000,USD,angel
Fonemesh,150000,USD,seed
Cognition Technologies,2700000,USD,unattributed
Sometrics,1000000,USD,a
SocialVibe,4200000,USD,a
deviantART,3500000,USD,a
MyThings,8000000,USD,a
mywaves,6000000,USD,a
litescape,14000000,USD,b
nextbio,7000000,USD,b
Parascale,11370000,USD,a
Row44,21000000,USD,a
JellyCloud,6600000,USD,a
Aster Data Systems,1000000,USD,angel
Aster Data Systems,5000000,USD,a
Pixim,15000000,USD,b
Pixim,12000000,USD,a
Pixim,5100000,USD,b
Funambol,5000000,USD,a
Funambol,5500000,USD,a
Funambol,12500000,USD,b
Funambol,2000000,USD,debt_round
Moblyng,5700000,USD,b
Moblyng,1530000,USD,a
Zecter,15000,USD,seed
Votigo,1265000,USD,a
Zinio,7000000,USD,a
Dreamfactory,5800000,USD,a
GreenNote,4200000,USD,a
Skyfire,4800000,USD,a
Skyfire,13000000,USD,b
eduFire,400000,USD,angel
B-hive Networks,7000000,USD,a
VMware,150000000,USD,unattributed
Katalyst Media,10000000,USD,a
NeuroVigil,250000,USD,seed
Sylantro,11000000,USD,e
Sylantro,4500000,USD,d
Sylantro,55000000,USD,c
TeleFlip,4900000,USD,b
Vidshadow,2000000,USD,a
Jigsaw,750000,USD,a
Jigsaw,5200000,USD,b
Jigsaw,12000000,USD,c
Ozmo Devices,12550000,USD,a
Cooliris,3000000,USD,a
Gamook,1500000,USD,a
Vindicia,5600000,USD,c
Dizzywood,1000000,USD,a
Limbo,8000000,USD,b
StartForce,1000000,USD,a
coolearth,21000000,USD,a
coolearth,1000000,USD,angel
Yield Software,6000000,USD,b
Tapulous,1800000,USD,angel
Codefast,6500000,USD,a
Hyperic,3800000,USD,a
iPling :)),300000,USD,angel
Intacct,15000000,USD,unattributed
Intacct,14000000,USD,unattributed
Vivaty,9400000,USD,a
Aurora Biofuels,20000000,USD,b
eEye,15000000,USD,d
eEye,9000000,USD,c
AllBusiness.com,10000000,USD,b
AllBusiness.com,12400000,USD,c
InsideView,7400000,USD,a
Clickability,3500000,USD,debt_round
Keibi Technologies,5000000,USD,b
RoboDynamics,100000,USD,seed
RoboDynamics,500000,USD,angel
ImageSpan,11000000,USD,b
Solarflare,26000000,USD,unattributed
Clupedia,1300000,USD,a
Zigabid,500000,USD,seed
Zigabid,500000,USD,angel
InThrMa,10000,USD,seed
Webaroo,10000000,USD,b
Webaroo,10000000,USD,c
Fluid Entertainment,3200000,USD,a
Unisfair,10000000,USD,b
ON24,8000000,USD,unattributed
trueAnthem,2000000,USD,angel
Colizer,120000,USD,a
Coremetrics,31000000,USD,d
Coremetrics,60000000,USD,e
Minted,2500000,USD,seed
Appirio,1100000,USD,a
Appirio,10000000,USD,b
samfind,20000,USD,seed
Eye-Fi,5500000,USD,a
ResponseLogix,8000000,USD,a
Qumu,10700000,USD,c
CarbonFlow,2900000,USD,a
Allvoices,4500000,USD,a
Moxsie,1000000,USD,a
Service-now.com,2500000,USD,a
Service-now.com,5000000,USD,b
Anvato,550000,USD,seed
Vantage Media,70000000,USD,a
Entone Technologies,14500000,USD,b
Entone Technologies,9500000,USD,a
750 Industries,1000000,USD,a
Plastic Logic,13700000,USD,a
Plastic Logic,8000000,USD,b
Plastic Logic,24000000,USD,c
Plastic Logic,100000000,USD,d
Plastic Logic,50000000,USD,e
Paymo,5000000,USD,seed
Brilliant Telecom,11000000,USD,a
SkyGrid,11000000,USD,b
Intense Debate,15000,USD,seed
Associated Content,5400000,USD,a
Associated Content,10000000,USD,b
madKast,15000,USD,seed
madKast,300000,USD,a
EventVue,15000,USD,seed
EventVue,250000,USD,a
Socialthing!,15000,USD,seed
Socialthing!,500000,USD,debt_round
J Squared Media,15000,USD,seed
Search to Phone,15000,USD,seed
Filtrbox,15000,USD,seed
Filtrbox,500000,USD,seed
Brightkite,15000,USD,seed
Brightkite,1000000,USD,angel
NewsGator,1400000,USD,a
NewsGator,12000000,USD,c
NewsGator,8600000,USD,b
Me.dium,15000000,USD,b
Buzzwire,8000000,USD,b
HiveLive,2200000,USD,angel
HiveLive,5600000,USD,a
XAware,7400000,USD,b
XAware,2100000,USD,a
Lijit,900000,USD,a
Lijit,3300000,USD,b
hubbuzz,750000,USD,angel
Gnip,1100000,USD,a
Collective Intellect,2600000,USD,a
Collective Intellect,6600000,USD,b
Rally Software,16850000,USD,c
Rally Software,8000000,USD,b
Symplified,6000000,USD,a
Indeed,5000000,USD,a
Geezeo,1200000,USD,unattributed
Entrecard,30000,USD,seed
Entrecard,40000,USD,seed
AmericanTowns.com,1100000,USD,a
AmericanTowns.com,3300000,USD,b
Kayak,11500000,USD,c
Kayak,7000000,USD,b
Kayak,196000000,USD,d
GoCrossCampus,375000,USD,seed
Health Plan One,6500000,USD,a
Your Survival,350000,USD,angel
Media Lantern,250000,USD,seed
GridPoint,32000000,USD,d
GridPoint,16000000,USD,b
GridPoint,21000000,USD,c
GridPoint,15000000,USD,d
HotPads,2300000,USD,a
LaunchBox,250000,USD,a
Cogent,510000,USD,seed
SwapDrive,2650000,USD,a
SwapDrive,2000000,USD,a
Searchles,2000000,USD,angel
PayPerPost,7000000,USD,b
PayPerPost,3000000,USD,a
Affinity Internet,60000000,USD,a
Affinity Internet,25000000,USD,a
Multiply,2000000,USD,a
Multiply,3000000,USD,a
Multiply,16600000,USD,b
Revolution Money,50000000,USD,b
Batanga,30000000,USD,c
Batanga,5000000,USD,b
divorce360,2500000,USD,a
Infinity Box,18000,USD,seed
Infinity Box,100000,USD,angel
MOLI,29600000,USD,b
Global Roaming,7500000,USD,a
Global Roaming,23000000,USD,b
Slingpage,2250000,USD,angel
WrapMail,1100000,USD,seed
eJamming,150000,USD,unattributed
Lehigh Technologies,34500000,USD,unattributed
TournEase,3000000,USD,angel
TournEase,500000,USD,angel
Vitrue,10000000,USD,b
Vitrue,2200000,USD,seed
Screaming Sports,1250000,USD,a
beRecruited,1200000,USD,a
MFG,14000000,USD,a
MFG,4000000,USD,c
MFG,26000000,USD,d
Scintella Solutions,10000,USD,seed
ScribeStorm,225000,USD,angel
Balihoo,1500000,USD,a
Balihoo,4000000,USD,b
Info,8400000,USD,a
FeedBurner,1000000,USD,a
FeedBurner,7000000,USD,b
Viewpoints,5000000,USD,a
GrubHub,1100000,USD,a
TicketsNow,34000000,USD,a
The Point,2500000,USD,angel
The Point,4800000,USD,a
Inkling,20000,USD,seed
crowdSPRING,3000000,USD,angel
Ifbyphone,1500000,USD,a
Fave Media,1600000,USD,a
Accertify,4000000,USD,a
Firefly Energy,4000000,USD,a
Firefly Energy,15000000,USD,c
Firefly Energy,10000000,USD,b
SAVO,10000000,USD,a
ChaCha,6000000,USD,a
ChaCha,10000000,USD,b
Better World Books,4500000,USD,a
Compendium Blogware,1100000,USD,angel
Compendium Blogware,1600000,USD,angel
Instagarage,25000,USD,seed
iSkoot,7000000,USD,b
iSkoot,6200000,USD,a
Gotuit Media,10000000,USD,b
Gotuit Media,6000000,USD,a
Carbonite,2500000,USD,a
Carbonite,3500000,USD,a
Carbonite,15000000,USD,b
Carbonite,5000000,USD,b
ScanScout,7000000,USD,a
ScanScout,2000000,USD,angel
Going,5000000,USD,a
Brightcove,5500000,USD,a
Brightcove,16200000,USD,b
Brightcove,59500000,USD,c
Brightcove,5000000,USD,b
Brightcove,4900000,USD,d
PermissionTV,9000000,USD,c
Bountii,15000,USD,seed
Conduit Labs,5500000,USD,a
ZoomInfo,7000000,USD,a
ZoomInfo,7000000,USD,a
Vlingo,20000000,USD,b
Vtap,14000000,USD,b
MocoSpace,3000000,USD,a
Quattro Wireless,6000000,USD,a
Quattro Wireless,12300000,USD,b
Care.com,3100000,USD,a
OnForce,6750000,USD,a
OnForce,15000000,USD,a
RatePoint,6500000,USD,a
UpDown,750000,USD,angel
Eons,22000000,USD,b
Eons,10000000,USD,a
GamerDNA,3000000,USD,a
Mix & Meet,400000,USD,angel
Sermo,25000000,USD,c
Sermo,9500000,USD,b
Sermo,3000000,USD,a
WorkLight,5100000,USD,a
WorkLight,12000000,USD,b
MatchMine,10000000,USD,a
CondoDomain,300000,USD,angel
uTest,2300000,USD,a
Compete,10000000,USD,c
Compete,13000000,USD,b
Azuki Systems,6000000,USD,a
Acinion,5000000,USD,a
Acinion,16000000,USD,b
xkoto,7500000,USD,b
HubSpot,5000000,USD,a
HubSpot,12000000,USD,b
HubSpot,500000,USD,seed
Utterz,4000000,USD,a
Intronis,5000000,USD,a
Acquia,7000000,USD,a
A123Systems,30000000,USD,d
A123Systems,40000000,USD,c
A123Systems,30000000,USD,b
Boston Power,8000000,USD,a
Boston Power,45000000,USD,c
Boston Power,15600000,USD,b
Visible Measures,5000000,USD,a
Visible Measures,13500000,USD,b
Visible Measures,800000,USD,seed
Endeca,15000000,USD,c
Endeca,15000000,USD,d
Endeca,15000000,USD,b
Endeca,10000000,USD,a
ChoiceStream,15000000,USD,seed
ChoiceStream,7000000,USD,a
ChoiceStream,13100000,USD,b
ChoiceStream,26500000,USD,c
YouCastr,100000,USD,angel
JackPot Rewards,16700000,USD,a
Mzinga,32500000,USD,d
Dimdim,2400000,USD,a
Dimdim,6000000,USD,b
utoopia,100000,USD,seed
Retail Convergence,25000000,USD,a
Frame Media,2000000,USD,a
Frame Media,3000000,USD,unattributed
Turbine,40000000,USD,c
Turbine,30000000,USD,b
Zeer,1050000,USD,angel
SimpleTuition,4400000,USD,a
SimpleTuition,7500000,USD,b
Sirtris Pharmaceuticals,13000000,USD,a
Sirtris Pharmaceuticals,27000000,USD,b
Sirtris Pharmaceuticals,37000000,USD,c
Good Data,2000000,USD,seed
Navic Networks,2000000,USD,a
Navic Networks,20000000,USD,c
Navic Networks,20000000,USD,b
Pivot,5000000,USD,a
Pivot,8000000,USD,b
Optaros,12000000,USD,c
Optaros,13000000,USD,b
Optaros,7000000,USD,a
Astaro,6200000,USD,a
Astaro,6700000,USD,b
Pangea Media,1000000,USD,angel
Posterous,15000,USD,seed
Spire,9000000,USD,a
neoSaej,7000000,USD,unattributed
GenArts,22400000,USD,unattributed
OrderMotion,1400000,USD,unattributed
HAM-IT,340000,USD,seed
Freewebs,12000000,USD,a
MPTrax,350000,USD,angel
JackBe,9500000,USD,c
ZeniMax,300000000,USD,a
ZeniMax,9900000,USD,a
Intelliworks,6000000,USD,a
Intelliworks,10000000,USD,b
Intelliworks,4000000,USD,c
HEXIO,20000,USD,seed
Foneshow,1050000,USD,a
Foneshow,25000,USD,seed
Zattoo,10000000,USD,b
LoudClick,600000,USD,angel
Agilis Systems,5000000,USD,b
International Liars Poker Association,1250000,USD,seed
ChannelAdvisor,30000000,USD,c
ChannelAdvisor,7000000,USD,a
ChannelAdvisor,18000000,USD,b
Yap,1500000,USD,angel
Yap,6500000,USD,a
PrepChamps,1200000,USD,a
SilkRoad technology,10000000,USD,b
SilkRoad technology,54000000,USD,c
BrightDoor Systems,200000,USD,a
DriftToIt,300000,USD,angel
rPath,6400000,USD,a
rPath,9100000,USD,b
rPath,10000000,USD,c
Ntractive,570000,USD,a
Bill Me Later,27400000,USD,a
AdaptiveBlue,1500000,USD,a
Phanfare,2500000,USD,c
Phanfare,2000000,USD,b
EnterpriseDB,7000000,USD,a
EnterpriseDB,20000000,USD,b
EnterpriseDB,10000000,USD,c
Neocleus,11000000,USD,b
Datapipe,75000000,USD,unattributed
Switch2Health,200000,USD,unattributed
Voltaix,12500000,USD,unattributed
SpaBoom,700000,USD,a
SpaBoom,600000,USD,b
Novint,5200000,USD,unattributed
MeetMoi,1500000,USD,a
Meetup,2800000,USD,a
Meetup,5300000,USD,b
Meetup,7500000,USD,d
Mogulus,1200000,USD,angel
Mogulus,1500000,USD,angel
Mogulus,10000000,USD,a
Pando,11000000,USD,b
Pando,20900000,USD,c
Outside.in,900000,USD,angel
Outside.in,1500000,USD,angel
Outside.in,3000000,USD,a
SelectMinds,5500000,USD,a
Veotag,750000,USD,angel
KIT digital,15000000,USD,b
KIT digital,5000000,USD,a
ContextWeb,3000000,USD,a
ContextWeb,9000000,USD,b
ContextWeb,26000000,USD,d
Datran Media,60000000,USD,a
Eyeblaster,8000000,USD,a
Eyeblaster,30000000,USD,b
Covestor,1000000,USD,angel
Covestor,6500000,USD,a
Global Grind,4500000,USD,b
Heavy.com,3000000,USD,a
SpiralFrog,2000000,USD,debt_round
Broadband Enterprises,10000000,USD,a
Thumbplay,18000000,USD,e
Waterfront Media,25000000,USD,d
Waterfront Media,4000000,USD,a
Waterfront Media,6000000,USD,b
Waterfront Media,8000000,USD,c
Tutor,13500000,USD,b
Daylife,8300000,USD,b
Teach The People,300000,USD,angel
OrganizedWisdom,2300000,USD,a
Snooth,300000,USD,angel
Snooth,1000000,USD,a
5min,300000,USD,angel
5min,5000000,USD,a
Kaltura,2100000,USD,a
Mimeo,25000000,USD,a
RayV,8000000,USD,b
Tumblr,750000,USD,a
Payoneer,8000000,USD,b
eXelate,4000000,USD,a
Quigo,5000000,USD,a
Peer39,3000000,USD,a
Peer39,8200000,USD,b
Peer39,500000,USD,seed
Rebel Monkey,1000000,USD,a
Answers Corporation,300000,USD,a
Answers Corporation,1360000,USD,b
Answers Corporation,2750000,USD,c
Answers Corporation,28000000,USD,d
Answers Corporation,13000000,USD,debt_round
SeeToo,1000000,USD,angel
drop.io,1250000,USD,a
drop.io,2700000,USD,b
Motionbox,4200000,USD,a
Motionbox,7000000,USD,b
DGP Labs,4750000,USD,a
Ideeli,3800000,USD,a
Live Gamer,24000000,USD,a
WeShow,5000000,USD,a
Etsy,315000,USD,angel
Etsy,1000000,USD,a
Etsy,3250000,USD,b
Etsy,27000000,USD,c
PhoneTag,3500000,USD,angel
PhoneTag,200000,USD,seed
PhoneTag,2000000,USD,angel
Tremor Media,8400000,USD,a
Tremor Media,11000000,USD,b
YooNew,2000000,USD,angel
Fifth Generation Systems,5300000,USD,b
Fifth Generation Systems,5250000,USD,a
IGA Worldwide,12000000,USD,a
IGA Worldwide,25000000,USD,b
IGA Worldwide,5000000,USD,b
TheLadders,7250000,USD,a
Adotube,630000,USD,seed
Adotube,600000,USD,seed
Kluster,1000000,USD,seed
Blog Talk Radio,4600000,USD,a
Pingg,500000,USD,seed
Pingg,800000,USD,angel
Outbrain,1000000,USD,seed
Outbrain,5000000,USD,a
Mochila,8000000,USD,b
OLX,10000000,USD,a
OLX,13500000,USD,b
Boonty,10000000,USD,b
Tripology,1250000,USD,a
The Feedroom,12000000,USD,unattributed
Next New Networks,8000000,USD,a
Next New Networks,15000000,USD,b
RiverWired,1500000,USD,seed
Fynanz,500000,USD,angel
Digital Railroad,5200000,USD,a
Digital Railroad,10000000,USD,b
Silicon Alley Insider,900000,USD,seed
Undertone Networks,40000000,USD,a
Someecards,350000,USD,seed
Trunkt,350000,USD,seed
Cutcaster,150000,USD,seed
Visible World,25000000,USD,c
Visible World,8000000,USD,b
Mad Mimi,200000,USD,angel
Social Median,500000,USD,seed
Scanbuy,9000000,USD,b
Scanbuy,6800000,USD,b
Pontiflex,2500000,USD,a
CHIC.TV,500000,USD,angel
ExpertFlyer,30000,USD,seed
x+1,16000000,USD,a
Media6¡,2000000,USD,debt_round
Knewton,2500000,USD,a
Sense Networks,3000000,USD,a
TargetSpot,8600000,USD,b
BountyJobs,12000000,USD,b
vbs tv,10000000,USD,seed
Instinctiv,750000,USD,seed
VISUALPLANT,500000,USD,seed
XunLight,22000000,USD,b
Strands,6000000,USD,a
Strands,25000000,USD,b
Strands,24000000,USD,b
Jive Software,15000000,USD,a
Platial,800000,USD,angel
Platial,2600000,USD,a
GarageGames,50000000,USD,a
iovation,15000000,USD,a
InGrid,13500000,USD,c
InGrid,6600000,USD,a
InGrid,8100000,USD,b
InGrid,1500000,USD,debt_round
Sleep.FM,15000,USD,seed
Boomi,4000000,USD,a
Styky,100000,USD,seed
TotalTakeout,150000,USD,seed
RedLasso,6500000,CAD,a
QponDirect,300000,USD,angel
EnergyWeb Solutions,100000,USD,seed
Aria Systems,4000000,USD,a
Viv’simo,4000000,USD,a
Viv’simo,960000,USD,seed
Viv’simo,500000,USD,seed
Viv’simo,100000,USD,seed
Viv’simo,100000,USD,seed
ShowClix,150000,USD,seed
ShowClix,250000,USD,seed
BioWizard,1000000,USD,a
TicketLeap,2000000,USD,a
Tizra,500000,USD,seed
Quickoffice,7000000,USD,b
Quickoffice,11500000,USD,a
Quickoffice,3000000,USD,c
Thoof,1000000,USD,seed
Bazaarvoice,4000000,USD,a
Bazaarvoice,8800000,USD,b
Bazaarvoice,7100000,USD,c
Small World Labs,1000000,USD,a
Pluck,8500000,USD,b
Pluck,7000000,USD,c
Spiceworks,8000000,USD,b
SpendView,2000000,USD,a
Shangby,1000000,USD,a
On Networks,4000000,USD,a
On Networks,12000000,USD,b
CareFlash,600000,USD,seed
HelioVolt,77000000,USD,b
Challenge Games,4500000,USD,a
Woot,4000000,USD,a
Mumboe,4500000,USD,seed
BreakingPoint Systems,15000000,USD,c
FameCast,4500000,USD,a
Click Forensics,5000000,USD,a
Click Forensics,10000000,USD,b
GodTube,30000000,USD,b
iBiz Software,250000,USD,angel
Cosential,250000,USD,b
JAD Tech Consulting,125000,USD,seed
Mozy,1900000,USD,a
Mozy,1900000,USD,a
Ancestry.com,33200000,USD,b
Move Networks,11300000,USD,a
Move Networks,34000000,USD,b
Move Networks,46000000,USD,c
World Vital Records,1200000,USD,a
Bungee Labs,8000000,USD,c
Footnote,8000000,USD,a
mediaFORGE,1500000,USD,a
TeamStreamz,80000,USD,seed
Exinda,6000000,USD,a
Clearspring,2500000,USD,a
Clearspring,5500000,USD,b
Clearspring,18000000,USD,c
Clearspring,10000000,USD,b
Avail Media,17000000,USD,b
Avail Media,25000000,USD,c
FortiusOne,5450000,USD,b
Mixx,1500000,USD,a
Mixx,2000000,USD,b
Jobfox,20000000,USD,c
Jobfox,13000000,USD,b
Jobfox,7000000,USD,a
HealthCentral,50000000,USD,a
comScore,20000000,USD,d
comScore,15000000,USD,c
VisualCV,2000000,USD,a
Paxfire,2100000,USD,a
ShoutWire,500000,USD,a
Parature,13500000,USD,a
Parature,16000000,USD,b
Loladex,350000,USD,seed
Appian,10000000,USD,a
Fortisphere,10000000,USD,a
Wetpaint,5250000,USD,a
Wetpaint,9500000,USD,b
Wetpaint,25000000,USD,c
Jobster,19500000,USD,b
Jobster,18000000,USD,c
Jobster,8000000,USD,a
Jobster,7000000,USD,d
Yapta,2300000,USD,a
Yapta,700000,USD,seed
Farecast,1500000,USD,a
Farecast,7000000,USD,b
Farecast,12100000,USD,c
Haute Secure,500000,USD,a
Newsvine,1250000,USD,a
iLike,2500000,USD,a
iLike,13300000,USD,b
Redfin,12000000,USD,c
Redfin,8000000,USD,b
Redfin,770000,USD,a
Action Engine,7700000,USD,a
Action Engine,5000000,USD,b
Action Engine,10000000,USD,d
Action Engine,15500000,USD,c
Action Engine,20000000,USD,e
Wishpot,1000000,USD,a
PayScale,3200000,USD,a
PayScale,7000000,USD,b
PayScale,10300000,USD,c
BuddyTV,2800000,USD,a
BuddyTV,250000,USD,angel
BuddyTV,6000000,USD,b
Judys Book,2500000,USD,a
Judys Book,8000000,USD,b
Sampa,310000,USD,angel
Sampa,1000000,USD,angel
Zango,40000000,USD,a
Cdigix,4000000,USD,a
Ripl,4500000,USD,b
EyeJot,750000,USD,seed
EyeJot,400000,USD,angel
FlowPlay,500000,USD,angel
FlowPlay,3700000,USD,a
SmartSheet,2690000,USD,a
Visible Technologies,3500000,USD,a
Visible Technologies,12000000,USD,b
Zillow,32000000,USD,a
Zillow,25000000,USD,b
Zillow,30000000,USD,c
SEOMoz,1250000,USD,a
DocuSign,10000000,USD,b
DocuSign,12400000,USD,c
AdReady,10000000,USD,b
Treemo,2550000,USD,a
GridNetworks,9500000,USD,a
Pelago,7400000,USD,a
Pelago,15000000,USD,b
Blist,6500000,USD,a
RealSelf,1000000,USD,angel
RescueTime,20000,USD,seed
Zoji,1500000,USD,angel
Snapvine,2000000,USD,a
Snapvine,10000000,USD,b
Jott,5400000,USD,b
Earth Class Mail,7400000,USD,a
Earth Class Mail,5900000,USD,a
Smilebox,5000000,USD,a
Smilebox,7000000,USD,b
Fyreball,1000000,USD,angel
Delve Networks,1650000,USD,seed
Delve Networks,8000000,USD,a
LiveMocha,6000000,USD,a
Mercent Corporation,6500000,USD,b
CleverSet,1400000,USD,angel
CleverSet,1200000,USD,a
CleverSet,500000,USD,angel
LiquidPlanner,1200000,USD,angel
Limeade,1000000,USD,angel
Yodio,850000,USD,a
Tastemakers,1000000,USD,a
WhitePages.com,45000000,USD,a
RevenueScience,24000000,USD,e
GotVoice,3000000,USD,a
CarDomain Network,3000000,USD,a
mpire,9800000,USD,a
mpire,10000000,USD,b
TeachStreet,2250000,USD,a
Estately,450000,USD,angel
Infinia,57000000,USD,b
Infinia,9500000,USD,a
M:Metrics,7000000,USD,b
Cozi,3000000,USD,a
Cozi,8000000,USD,c
Trusera,2000000,USD,angel
Alerts.com,1200000,USD,a
Myrio,20500000,USD,unattributed
Grid Networks,9500000,USD,a
Grid Networks,10500000,USD,b
